<application>
  <component name="DimensionService">
    <location key="WELCOME_SCREEN.0.0.3420.2214@192dpi" x="1710" y="600" />
  </component>
  <component name="WindowManager">
    <frame x="0" y="38" width="1710" height="1069" fullScreen="true" />
  </component>
  <component name="WindowStateApplicationService">
    <state x="855" y="300" key="WELCOME_SCREEN" timestamp="1736027717090">
      <screen x="0" y="39" width="1710" height="978" />
    </state>
    <state x="855" y="300" key="WELCOME_SCREEN/0.39.1710.978" timestamp="1736027717090" />
  </component>
</application>